,reading score,writing score,gender_male,race/ethnicity_group B,race/ethnicity_group C,race/ethnicity_group D,race/ethnicity_group E,parental level of education_bachelor's degree,parental level of education_high school,parental level of education_master's degree,parental level of education_some college,parental level of education_some high school,lunch_standard,test preparation course_none
29,0.6385542168674699,0.7222222222222222,False,False,False,True,False,False,False,True,False,False,True,True
535,0.7951807228915663,0.8111111111111111,False,False,True,False,False,True,False,False,False,False,False,False
695,0.8674698795180723,0.8444444444444444,False,False,False,True,False,False,False,False,True,False,False,True
557,0.6024096385542169,0.6222222222222222,True,False,True,False,False,False,False,True,False,False,False,True
836,0.5662650602409639,0.5222222222222221,True,False,False,False,True,False,True,False,False,False,True,True
596,0.08433734939759038,0.055555555555555566,True,True,False,False,False,False,True,False,False,False,False,True
165,1.0,1.0,False,False,True,False,False,True,False,False,False,False,True,False
918,0.7228915662650603,0.7777777777777778,False,False,True,False,False,False,False,False,False,False,True,False
495,0.5662650602409639,0.6222222222222222,True,False,False,True,False,False,True,False,False,False,True,False
824,0.49397590361445787,0.46666666666666673,False,False,True,False,False,False,False,False,False,True,False,True
65,0.5662650602409639,0.5666666666666667,True,True,False,False,False,False,False,False,False,True,True,True
141,0.5421686746987953,0.6,False,False,True,False,False,False,False,False,True,False,False,True
925,0.5662650602409639,0.5555555555555556,True,False,False,False,True,False,False,False,False,True,True,False
827,0.6265060240963856,0.7333333333333333,False,False,True,False,False,False,False,False,False,True,True,True
655,0.6024096385542169,0.6333333333333333,False,True,False,False,False,False,False,False,True,False,True,True
331,0.24096385542168677,0.2777777777777778,True,False,True,False,False,False,False,False,False,False,True,True
664,0.5542168674698795,0.5888888888888889,True,False,False,True,False,False,False,False,False,False,True,True
249,0.5180722891566265,0.4777777777777778,True,False,True,False,False,False,True,False,False,False,True,True
907,0.8072289156626508,0.8999999999999999,False,False,False,True,False,False,False,False,True,False,True,False
708,0.8433734939759038,0.7666666666666666,True,False,False,True,False,False,True,False,False,False,True,True
305,0.6024096385542169,0.6555555555555556,True,False,False,False,False,False,False,False,True,False,True,True
734,0.49397590361445787,0.5222222222222221,False,False,False,False,True,False,False,False,True,False,False,True
975,0.783132530120482,0.7444444444444445,False,False,True,False,False,False,False,False,True,False,True,False
49,0.8072289156626508,0.7999999999999999,True,False,True,False,False,False,True,False,False,False,True,False
896,0.14457831325301204,0.18888888888888888,True,True,False,False,False,False,True,False,False,False,False,True
2,0.9397590361445783,0.9222222222222223,False,True,False,False,False,False,False,True,False,False,True,True
544,0.5542168674698795,0.6222222222222222,False,False,False,True,False,False,False,True,False,False,True,True
350,0.5783132530120483,0.6555555555555556,False,True,False,False,False,True,False,False,False,False,True,True
904,0.8072289156626508,0.8222222222222222,False,False,False,True,False,False,False,False,False,True,False,True
536,0.5180722891566265,0.5333333333333333,True,False,True,False,False,False,False,False,False,False,True,False
344,0.674698795180723,0.6333333333333333,True,False,False,True,False,False,False,False,True,False,True,True
994,0.5542168674698795,0.5777777777777777,True,False,False,False,False,False,True,False,False,False,True,True
481,0.5060240963855422,0.5111111111111111,False,False,False,True,False,False,False,False,False,False,False,True
575,0.45783132530120485,0.4777777777777778,True,False,False,False,False,False,False,False,False,False,False,False
33,0.3012048192771085,0.3111111111111111,True,False,False,True,False,False,False,False,True,False,True,True
31,0.5783132530120483,0.5666666666666667,False,True,False,False,False,False,False,False,True,False,True,True
231,0.3132530120481928,0.35555555555555557,True,False,True,False,False,False,False,False,False,False,True,True
963,0.710843373493976,0.7222222222222222,False,False,True,False,False,False,False,False,False,True,False,False
192,0.5662650602409639,0.6222222222222222,False,True,False,False,False,False,False,False,False,True,True,True
333,0.7349397590361446,0.7888888888888889,True,True,False,False,False,False,False,False,False,False,True,True
3,0.4819277108433735,0.3777777777777778,True,False,False,False,False,False,False,False,False,False,False,True
204,0.28915662650602414,0.35555555555555557,True,False,True,False,False,False,False,False,True,False,True,True
514,0.9638554216867471,0.9333333333333333,False,True,False,False,False,False,False,True,False,False,False,False
799,0.45783132530120485,0.5222222222222221,False,False,True,False,False,False,False,False,False,False,True,True
306,0.8433734939759038,0.7888888888888889,True,False,False,False,True,False,False,False,True,False,True,False
109,0.5662650602409639,0.6888888888888889,False,True,False,False,False,False,False,False,False,True,True,True
430,0.5903614457831325,0.5444444444444444,True,False,True,False,False,False,False,False,False,False,False,True
77,0.7349397590361446,0.7888888888888889,True,False,False,False,False,True,False,False,False,False,True,False
84,0.2650602409638554,0.26666666666666666,True,False,False,True,False,False,True,False,False,False,False,True
286,0.783132530120482,0.8666666666666667,True,False,False,False,True,False,False,False,False,False,True,False
82,0.3614457831325302,0.4888888888888889,True,False,False,False,False,False,False,False,True,False,False,False
991,0.783132530120482,0.7555555555555555,False,True,False,False,False,False,False,False,False,True,True,False
789,0.5783132530120483,0.5666666666666667,False,False,True,False,False,False,False,True,False,False,False,True
894,0.5421686746987953,0.6555555555555556,False,False,False,False,True,False,False,False,False,False,True,True
398,0.5542168674698795,0.5222222222222221,True,True,False,False,False,False,False,False,False,True,True,True
323,0.4337349397590362,0.4777777777777778,False,False,True,False,False,False,False,False,False,True,False,True
519,0.7349397590361446,0.7666666666666666,False,True,False,False,False,False,True,False,False,False,False,False
916,1.0,1.0,True,False,False,False,True,True,False,False,False,False,True,False
922,0.5903614457831325,0.6222222222222222,True,False,False,True,False,False,True,False,False,False,True,True
5,0.7951807228915663,0.7555555555555555,False,True,False,False,False,False,False,False,False,False,True,True
731,0.3493975903614458,0.3666666666666667,True,False,False,False,False,False,False,False,False,True,False,True
465,0.8433734939759038,0.8999999999999999,False,False,True,False,False,False,False,False,True,False,True,True
97,0.6626506024096386,0.6666666666666666,False,False,False,False,True,False,False,False,True,False,True,False
266,0.6987951807228916,0.7888888888888889,False,False,True,False,False,True,False,False,False,False,True,True
357,0.5903614457831325,0.6555555555555556,False,False,True,False,False,False,False,False,True,False,False,False
868,0.6867469879518073,0.6888888888888889,True,False,False,False,True,False,False,False,False,False,False,False
798,0.5180722891566265,0.4888888888888889,True,False,False,False,True,False,False,False,True,False,True,True
380,0.8313253012048193,0.8111111111111111,False,True,False,False,False,False,False,False,False,False,True,True
631,0.5180722891566265,0.611111111111111,True,True,False,False,False,False,True,False,False,False,True,True
381,1.0,0.9444444444444444,True,False,True,False,False,False,False,False,False,False,True,False
490,0.819277108433735,0.7333333333333333,False,False,False,False,False,False,False,False,False,False,False,True
118,0.5542168674698795,0.5666666666666667,False,False,False,True,False,False,False,False,False,True,True,True
900,0.8072289156626508,0.8777777777777778,True,False,False,True,False,False,False,True,False,False,True,True
250,0.3855421686746988,0.4333333333333334,True,False,False,False,False,False,False,False,False,True,True,False
523,0.5060240963855422,0.4444444444444445,True,False,True,False,False,False,False,True,False,False,False,True
9,0.5180722891566265,0.4444444444444445,False,True,False,False,False,False,True,False,False,False,False,True
196,0.6265060240963856,0.611111111111111,True,False,True,False,False,False,False,False,False,True,False,False
603,0.4819277108433735,0.45555555555555555,True,False,False,True,False,False,True,False,False,False,False,True
81,0.33734939759036153,0.3888888888888889,True,True,False,False,False,False,True,False,False,False,False,True
783,0.5060240963855422,0.5777777777777777,False,False,True,False,False,False,False,False,False,False,True,False
587,0.5542168674698795,0.5777777777777777,False,False,True,False,False,True,False,False,False,False,False,True
797,0.8072289156626508,0.7888888888888889,False,False,False,False,True,False,False,False,False,False,False,True
239,0.7590361445783133,0.7777777777777778,True,False,True,False,False,False,False,False,False,False,True,True
290,0.6385542168674699,0.6444444444444444,True,False,True,False,False,False,False,False,False,False,True,True
211,0.13253012048192772,0.18888888888888888,True,False,True,False,False,False,False,False,True,False,False,True
717,0.9518072289156628,0.9888888888888889,False,False,True,False,False,False,False,False,False,False,True,False
359,0.8795180722891568,0.8777777777777778,False,False,False,True,False,False,False,False,True,False,True,True
449,0.674698795180723,0.6888888888888889,True,True,False,False,False,False,False,False,False,False,True,True
227,0.3975903614457832,0.4888888888888889,True,False,False,True,False,False,True,False,False,False,True,True
950,0.674698795180723,0.6777777777777778,True,False,False,False,True,False,True,False,False,False,True,True
946,0.783132530120482,0.7777777777777778,True,True,False,False,False,False,True,False,False,False,True,True
796,0.6385542168674699,0.6666666666666666,True,False,False,True,False,False,True,False,False,False,True,True
501,0.8433734939759038,0.9111111111111112,False,True,False,False,False,False,False,False,False,False,True,False
464,0.49397590361445787,0.5777777777777777,True,False,False,False,False,True,False,False,False,False,True,False
362,0.49397590361445787,0.5333333333333333,False,False,True,False,False,False,False,False,True,False,True,True
468,0.855421686746988,0.8333333333333334,False,False,False,False,False,False,True,False,False,False,False,False
935,0.5542168674698795,0.5333333333333333,True,False,False,True,False,False,False,False,True,False,False,True
428,0.5060240963855422,0.4777777777777778,True,False,False,False,False,False,False,False,False,True,False,True
7,0.3132530120481928,0.32222222222222224,True,True,False,False,False,False,False,False,True,False,False,True
155,0.8674698795180723,0.8666666666666667,False,False,True,False,False,False,False,False,True,False,True,False
541,0.783132530120482,0.7777777777777778,True,False,False,True,False,False,False,False,False,False,False,False
440,0.7710843373493976,0.7666666666666666,False,False,True,False,False,False,False,False,True,False,True,False
482,0.6144578313253013,0.5666666666666667,True,False,True,False,False,False,False,False,True,False,False,True
422,0.49397590361445787,0.6333333333333333,False,False,False,True,False,False,False,True,False,False,False,False
778,0.746987951807229,0.7999999999999999,False,False,False,False,False,False,False,False,True,False,True,False
949,0.6987951807228916,0.7,False,False,False,False,True,False,True,False,False,False,False,False
334,0.9156626506024098,0.9444444444444444,False,False,True,False,False,True,False,False,False,False,True,True
576,0.40963855421686746,0.46666666666666673,True,False,False,False,False,False,False,False,True,False,True,False
934,0.8433734939759038,0.8888888888888888,True,False,True,False,False,False,False,False,False,False,True,False
567,0.6506024096385543,0.7555555555555555,False,False,False,True,False,False,False,True,False,False,False,False
594,1.0,0.9888888888888889,False,False,True,False,False,True,False,False,False,False,True,False
530,0.6024096385542169,0.7,False,False,True,False,False,False,False,False,False,False,True,False
581,0.746987951807229,0.7777777777777778,False,False,False,False,True,False,False,False,False,True,True,True
707,0.5060240963855422,0.46666666666666673,True,False,True,False,False,False,False,False,True,False,True,True
448,0.3493975903614458,0.35555555555555557,True,True,False,False,False,False,True,False,False,False,True,True
453,0.49397590361445787,0.4333333333333334,True,False,True,False,False,False,False,False,True,False,False,True
228,0.6626506024096386,0.6,True,False,False,False,False,False,False,False,False,True,False,True
352,0.7349397590361446,0.7777777777777778,False,False,True,False,False,False,False,False,True,False,True,False
728,0.9036144578313253,0.8222222222222222,False,False,False,True,False,False,True,False,False,False,False,True
212,0.5421686746987953,0.5555555555555556,False,False,True,False,False,False,True,False,False,False,False,True
79,0.6144578313253013,0.6444444444444444,False,False,False,False,True,False,False,True,False,False,True,True
148,0.6987951807228916,0.7888888888888889,False,False,False,True,False,True,False,False,False,False,True,False
302,0.8072289156626508,0.7888888888888889,False,False,True,False,False,False,False,False,False,False,True,False
628,0.4819277108433735,0.4000000000000001,True,False,False,True,False,False,False,False,True,False,False,True
777,0.32530120481927716,0.3666666666666667,False,False,True,False,False,False,False,False,True,False,False,True
506,0.6385542168674699,0.6222222222222222,True,False,False,False,False,False,True,False,False,False,True,True
342,0.710843373493976,0.7111111111111111,False,True,False,False,False,False,True,False,False,False,True,False
485,0.6867469879518073,0.6777777777777778,True,False,True,False,False,False,True,False,False,False,True,True
711,0.819277108433735,0.8333333333333334,False,False,False,False,True,False,False,False,False,True,True,False
133,0.7710843373493976,0.8222222222222222,False,False,True,False,False,False,False,False,True,False,True,False
703,0.5662650602409639,0.6333333333333333,False,False,False,True,False,False,False,False,True,False,True,True
311,0.5180722891566265,0.5222222222222221,True,True,False,False,False,True,False,False,False,False,True,True
722,0.8795180722891568,0.8666666666666667,False,True,False,False,False,False,False,False,False,True,False,False
629,0.40963855421686746,0.5,False,False,True,False,False,False,False,False,False,True,True,False
0,0.6626506024096386,0.7111111111111111,False,True,False,False,False,True,False,False,False,False,True,True
316,0.783132530120482,0.8999999999999999,False,False,False,True,False,False,False,True,False,False,True,False
706,0.20481927710843376,0.2888888888888889,True,False,False,True,False,False,True,False,False,False,True,True
547,0.6024096385542169,0.6,True,False,True,False,False,False,True,False,False,False,True,False
872,0.8072289156626508,0.7555555555555555,True,True,False,False,False,False,False,False,False,False,True,False
532,0.5301204819277109,0.5333333333333333,True,False,False,False,True,False,False,False,False,False,True,False
477,0.6144578313253013,0.6888888888888889,True,False,False,True,False,False,False,False,False,False,True,True
404,0.5060240963855422,0.5777777777777777,False,False,True,False,False,False,True,False,False,False,True,True
172,0.8313253012048193,0.7888888888888889,False,False,False,True,False,False,False,False,True,False,True,True
125,0.9397590361445783,0.8444444444444444,False,True,False,False,False,False,True,False,False,False,True,True
394,0.6867469879518073,0.7444444444444445,False,False,True,False,False,False,False,False,False,True,True,False
420,0.9156626506024098,0.9222222222222223,False,False,True,False,False,False,False,False,False,False,False,False
552,0.37349397590361455,0.4444444444444445,False,True,False,False,False,False,False,False,False,False,True,True
903,1.0,1.0,False,False,False,True,False,True,False,False,False,False,False,False
90,0.6626506024096386,0.7111111111111111,False,False,True,False,False,True,False,False,False,False,True,True
939,0.6144578313253013,0.6555555555555556,True,False,False,True,False,False,False,False,False,True,True,False
181,0.5662650602409639,0.6222222222222222,False,False,True,False,False,False,False,False,True,False,False,True
274,0.819277108433735,0.7333333333333333,True,True,False,False,False,False,False,False,True,False,True,False
895,0.20481927710843376,0.3111111111111111,False,False,False,False,True,False,False,False,False,True,False,True
69,0.5662650602409639,0.5222222222222221,False,False,True,False,False,False,False,False,False,False,True,True
291,0.674698795180723,0.6666666666666666,True,False,False,True,False,False,False,False,False,True,True,True
131,0.24096385542168677,0.33333333333333337,True,False,True,False,False,False,False,False,False,True,False,False
300,0.7349397590361446,0.7888888888888889,True,False,False,False,False,False,False,False,True,False,False,False
424,0.2650602409638554,0.26666666666666666,True,True,False,False,False,False,False,False,True,False,False,True
326,0.5301204819277109,0.5777777777777777,True,False,True,False,False,False,False,False,True,False,True,True
144,0.674698795180723,0.7555555555555555,True,False,False,True,False,False,False,False,True,False,True,True
423,0.819277108433735,0.7777777777777778,False,False,False,False,False,False,False,False,False,True,True,False
580,0.9638554216867471,0.9555555555555555,False,False,False,True,False,False,False,False,False,True,True,True
135,0.45783132530120485,0.4222222222222222,True,False,True,False,False,True,False,False,False,False,True,True
450,0.819277108433735,0.8333333333333334,False,False,True,False,False,False,False,False,True,False,False,False
164,0.9036144578313253,0.8999999999999999,False,False,False,False,True,False,False,True,False,False,True,True
28,0.6385542168674699,0.611111111111111,True,False,True,False,False,False,True,False,False,False,True,True
773,0.7349397590361446,0.7666666666666666,False,False,True,False,False,True,False,False,False,False,False,True
193,0.5421686746987953,0.5777777777777777,True,False,False,True,False,False,False,False,True,False,True,False
388,0.5662650602409639,0.6,False,False,False,True,False,False,True,False,False,False,True,True
852,0.819277108433735,0.9222222222222223,False,False,False,False,True,False,False,False,True,False,True,True
169,0.6987951807228916,0.6666666666666666,False,False,True,False,False,False,False,False,True,False,False,False
705,0.6626506024096386,0.611111111111111,True,False,False,False,False,True,False,False,False,False,False,True
140,0.6626506024096386,0.6777777777777778,False,False,False,True,False,False,False,False,False,True,True,True
173,0.6024096385542169,0.6666666666666666,False,False,True,False,False,False,False,False,False,False,True,True
6,0.9397590361445783,0.9111111111111112,False,True,False,False,False,False,False,False,True,False,True,False
745,0.746987951807229,0.7111111111111111,True,False,False,True,False,False,False,False,False,False,True,True
478,0.5662650602409639,0.6666666666666666,False,False,False,True,False,False,False,True,False,False,True,True
73,0.4819277108433735,0.5111111111111111,True,False,True,False,False,False,False,False,False,True,False,True
910,0.3012048192771085,0.4222222222222222,True,False,False,True,False,True,False,False,False,False,False,True
813,0.8072289156626508,0.7333333333333333,True,False,False,False,True,False,False,False,False,True,True,False
238,0.42168674698795183,0.45555555555555555,True,True,False,False,False,False,False,False,True,False,True,True
145,0.2650602409638554,0.2555555555555556,False,False,True,False,False,False,False,False,True,False,False,True
792,0.6867469879518073,0.6555555555555556,True,False,False,True,False,False,True,False,False,False,False,True
234,0.783132530120482,0.8222222222222222,True,False,True,False,False,True,False,False,False,False,True,False
220,0.6144578313253013,0.7111111111111111,False,False,False,True,False,False,True,False,False,False,True,False
923,0.5783132530120483,0.611111111111111,False,True,False,False,False,False,False,False,False,False,False,True
500,0.746987951807229,0.7999999999999999,False,False,False,True,False,False,False,True,False,False,True,True
132,0.6867469879518073,0.6666666666666666,True,False,False,False,True,False,False,False,True,False,False,False
990,0.7710843373493976,0.7222222222222222,True,False,False,False,True,False,True,False,False,False,False,False
774,0.5783132530120483,0.5555555555555556,True,True,False,False,False,False,False,False,True,False,True,True
185,0.6024096385542169,0.611111111111111,True,False,True,False,False,False,False,False,False,False,False,False
41,0.674698795180723,0.6444444444444444,False,False,True,False,False,False,False,False,False,False,True,True
696,0.783132530120482,0.8888888888888888,False,False,True,False,False,False,False,False,False,False,True,False
108,0.710843373493976,0.6666666666666666,False,True,False,False,False,False,False,False,False,False,False,True
588,0.5662650602409639,0.611111111111111,False,False,True,False,False,False,False,False,True,False,True,True
56,0.819277108433735,0.8444444444444444,False,False,False,False,True,False,False,False,False,False,True,False
405,0.674698795180723,0.6444444444444444,False,False,True,False,False,False,False,False,False,True,True,True
442,0.674698795180723,0.6555555555555556,False,False,False,False,False,False,False,False,False,True,False,True
757,0.6144578313253013,0.6888888888888889,True,False,False,False,True,True,False,False,False,False,False,False
997,0.6506024096385543,0.611111111111111,False,False,True,False,False,False,True,False,False,False,False,False
24,0.6506024096385543,0.7777777777777778,True,False,False,True,False,True,False,False,False,False,False,False
467,0.6024096385542169,0.611111111111111,True,False,False,False,False,False,True,False,False,False,False,False
539,0.9036144578313253,0.8444444444444444,True,False,False,False,False,False,False,False,False,False,True,False
531,0.4457831325301205,0.4777777777777778,False,False,True,False,False,False,False,False,False,True,True,True
618,0.7710843373493976,0.8222222222222222,True,False,False,True,False,False,False,True,False,False,True,True
694,0.5542168674698795,0.5111111111111111,False,False,True,False,False,False,False,False,False,True,True,True
926,0.4698795180722892,0.46666666666666673,True,False,False,False,True,False,False,False,False,False,False,True
338,0.2530120481927711,0.18888888888888888,False,True,False,False,False,False,False,False,False,True,False,True
51,0.6265060240963856,0.6444444444444444,True,False,False,False,True,False,False,False,False,False,False,False
507,0.5060240963855422,0.4888888888888889,True,True,False,False,False,True,False,False,False,False,False,True
516,0.8674698795180723,0.8222222222222222,False,False,False,True,False,False,False,False,True,False,True,True
920,0.6385542168674699,0.6333333333333333,True,False,False,True,False,False,True,False,False,False,False,True
781,0.8795180722891568,0.8222222222222222,False,True,False,False,False,False,False,True,False,False,True,True
264,0.674698795180723,0.6444444444444444,True,False,False,True,False,False,True,False,False,False,True,True
817,0.6385542168674699,0.7333333333333333,True,False,False,True,False,True,False,False,False,False,False,False
710,0.8072289156626508,0.8888888888888888,True,False,True,False,False,False,False,False,True,False,True,False
682,0.45783132530120485,0.4888888888888889,True,True,False,False,False,False,True,False,False,False,True,True
832,0.5180722891566265,0.5333333333333333,True,False,False,False,False,True,False,False,False,False,True,True
518,0.7349397590361446,0.7555555555555555,False,False,False,True,False,False,False,False,False,True,True,False
447,0.7710843373493976,0.7777777777777778,True,False,True,False,False,False,True,False,False,False,True,False
18,0.3012048192771085,0.4000000000000001,True,False,True,False,False,False,False,True,False,False,False,False
715,0.9277108433734941,0.8555555555555555,False,True,False,False,False,False,False,False,False,False,False,False
483,0.42168674698795183,0.4000000000000001,True,False,False,False,False,False,True,False,False,False,True,True
568,0.37349397590361455,0.41111111111111115,True,True,False,False,False,False,True,False,False,False,False,True
433,0.5060240963855422,0.4444444444444445,False,False,False,False,False,False,False,False,False,True,False,True
367,0.5903614457831325,0.5666666666666667,True,False,True,False,False,True,False,False,False,False,False,True
83,0.5662650602409639,0.5888888888888889,True,False,False,False,True,False,False,False,False,False,True,True
61,0.2650602409638554,0.26666666666666666,True,False,False,False,False,False,False,False,False,True,False,True
638,0.710843373493976,0.7111111111111111,True,False,False,False,True,False,False,False,True,False,True,True
272,0.4337349397590362,0.5333333333333333,False,False,False,True,False,False,False,False,False,False,False,True
285,0.783132530120482,0.7999999999999999,True,True,False,False,False,False,False,False,False,False,True,False
360,0.5421686746987953,0.5444444444444444,False,True,False,False,False,False,True,False,False,False,True,True
354,0.6506024096385543,0.6666666666666666,False,False,True,False,False,False,False,False,True,False,True,True
456,0.8674698795180723,0.8777777777777778,False,False,False,True,False,True,False,False,False,False,True,True
278,0.8313253012048193,0.7777777777777778,False,False,True,False,False,False,False,False,False,True,False,True
12,0.7710843373493976,0.7,False,True,False,False,False,False,True,False,False,False,True,True
182,0.3975903614457832,0.41111111111111115,False,False,False,False,True,False,True,False,False,False,True,True
368,0.5662650602409639,0.5333333333333333,False,False,False,False,False,False,False,False,False,True,False,True
881,0.6385542168674699,0.6666666666666666,False,False,False,False,True,True,False,False,False,False,True,False
615,0.6144578313253013,0.6888888888888889,False,False,True,False,False,False,True,False,False,False,True,True
223,0.7590361445783133,0.7222222222222222,True,False,False,True,False,False,False,False,False,True,True,True
572,0.5421686746987953,0.5111111111111111,False,False,True,False,False,False,False,False,True,False,True,True
970,1.0,1.0,False,False,False,True,False,True,False,False,False,False,True,True
653,0.6385542168674699,0.7111111111111111,False,False,False,False,False,False,False,False,False,False,True,False
545,0.7951807228915663,0.7777777777777778,True,False,False,False,True,False,False,False,False,True,False,False
582,0.674698795180723,0.7555555555555555,False,False,False,True,False,True,False,False,False,False,False,True
633,0.855421686746988,0.8333333333333334,False,False,True,False,False,False,True,False,False,False,True,True
176,0.4457831325301205,0.5333333333333333,False,True,False,False,False,False,True,False,False,False,False,False
665,0.5180722891566265,0.5555555555555556,False,False,True,False,False,False,False,False,False,True,False,False
673,0.8072289156626508,0.8222222222222222,False,False,True,False,False,False,False,False,False,False,True,False
585,0.710843373493976,0.7333333333333333,False,False,True,False,False,False,False,False,False,False,True,True
873,0.8795180722891568,0.7999999999999999,True,False,False,False,True,False,False,False,False,False,False,True
393,0.4457831325301205,0.5111111111111111,True,False,True,False,False,False,False,False,False,False,True,False
163,0.4337349397590362,0.4333333333333334,True,False,True,False,False,False,True,False,False,False,True,True
248,0.5662650602409639,0.5777777777777777,False,True,False,False,False,False,True,False,False,False,True,True
634,0.8072289156626508,0.7777777777777778,True,False,False,True,False,False,False,False,False,True,True,True
885,0.710843373493976,0.7777777777777778,False,False,True,False,False,False,False,False,False,False,True,False
669,0.6626506024096386,0.7444444444444445,True,False,False,True,False,False,False,False,False,False,True,False
375,0.3132530120481928,0.34444444444444444,True,False,False,False,True,False,False,False,False,False,False,True
412,0.5903614457831325,0.5555555555555556,True,False,False,True,False,False,False,False,False,False,True,True
74,0.3855421686746988,0.34444444444444444,True,False,True,False,False,False,False,False,False,True,True,True
113,0.49397590361445787,0.4888888888888889,False,False,False,True,False,False,False,False,True,False,True,True
598,0.7228915662650603,0.7,False,False,False,True,False,False,True,False,False,False,True,True
961,0.4457831325301205,0.4777777777777778,False,False,False,True,False,False,False,False,False,True,False,True
390,0.6024096385542169,0.5444444444444444,True,False,False,False,True,False,False,False,False,True,False,False
104,0.8313253012048193,0.8888888888888888,True,False,True,False,False,False,False,False,True,False,True,False
114,1.0,1.0,False,False,False,False,True,True,False,False,False,False,True,False
417,0.674698795180723,0.6333333333333333,True,False,True,False,False,False,False,False,False,False,True,True
525,0.5180722891566265,0.5444444444444444,True,False,False,False,True,False,False,False,True,False,True,True
457,0.4457831325301205,0.4222222222222222,True,False,False,True,False,False,False,False,False,False,False,True
409,0.8072289156626508,0.8333333333333334,True,False,False,True,False,False,False,False,False,False,True,False
92,0.746987951807229,0.6777777777777778,True,False,True,False,False,False,True,False,False,False,True,True
930,0.6867469879518073,0.6666666666666666,True,False,True,False,False,False,False,False,True,False,False,False
89,0.8313253012048193,0.7999999999999999,False,False,False,True,False,False,False,False,False,True,True,True
336,0.6385542168674699,0.6555555555555556,True,False,False,True,False,False,False,False,False,True,True,False
988,0.33734939759036153,0.3888888888888889,False,False,False,False,False,False,False,False,False,True,False,True
921,0.4337349397590362,0.4000000000000001,False,False,True,False,False,False,True,False,False,False,False,True
933,0.6987951807228916,0.7111111111111111,True,False,True,False,False,True,False,False,False,False,False,False
605,0.6626506024096386,0.5777777777777777,True,False,True,False,False,False,False,False,False,True,True,True
593,0.710843373493976,0.7,False,False,False,False,True,False,True,False,False,False,True,True
611,0.5060240963855422,0.6222222222222222,False,False,True,False,False,False,False,False,True,False,True,True
94,0.8313253012048193,0.9111111111111112,False,True,False,False,False,False,False,False,True,False,True,True
11,0.42168674698795183,0.3666666666666667,True,False,False,True,False,False,False,False,False,False,True,True
396,0.6024096385542169,0.5888888888888889,False,True,False,False,False,False,True,False,False,False,False,True
533,0.855421686746988,0.9333333333333333,False,False,False,False,True,False,False,False,False,False,True,False
43,0.5783132530120483,0.6222222222222222,True,True,False,False,False,False,False,False,True,False,False,False
42,0.49397590361445787,0.611111111111111,False,True,False,False,False,False,False,False,False,False,True,True
329,0.45783132530120485,0.45555555555555555,False,True,False,False,False,False,False,False,False,True,True,True
167,0.710843373493976,0.7555555555555555,False,True,False,False,False,False,False,True,False,False,False,False
497,0.7349397590361446,0.7333333333333333,False,False,False,True,False,False,False,False,True,False,False,False
876,0.783132530120482,0.8222222222222222,True,False,False,True,False,False,False,False,True,False,True,True
597,0.4457831325301205,0.4222222222222222,True,False,False,False,False,False,False,False,False,True,True,True
756,0.49397590361445787,0.46666666666666673,True,False,False,True,False,False,False,False,True,False,True,True
100,0.6024096385542169,0.6333333333333333,True,True,False,False,False,False,False,False,True,False,True,True
426,0.7951807228915663,0.8444444444444444,True,False,True,False,False,True,False,False,False,False,True,True
178,0.6385542168674699,0.5777777777777777,False,True,False,False,False,False,False,True,False,False,False,False
444,0.783132530120482,0.7,True,False,False,False,False,False,False,False,False,True,False,True
416,0.6867469879518073,0.6444444444444444,True,False,True,False,False,True,False,False,False,False,True,False
870,0.49397590361445787,0.41111111111111115,True,True,False,False,False,False,True,False,False,False,True,True
882,0.674698795180723,0.6777777777777778,False,True,False,False,False,False,True,False,False,False,False,True
680,0.6626506024096386,0.7111111111111111,False,False,False,True,False,False,True,False,False,False,True,True
177,0.7228915662650603,0.7444444444444445,False,False,True,False,False,False,False,False,False,False,True,False
395,0.33734939759036153,0.34444444444444444,True,False,False,False,False,False,True,False,False,False,False,True
911,0.8072289156626508,0.7999999999999999,False,False,False,False,False,False,False,False,True,False,True,True
793,0.8072289156626508,0.7444444444444445,True,False,False,False,True,False,False,False,False,True,True,False
960,0.49397590361445787,0.6,False,False,False,False,False,False,False,False,True,False,True,True
684,0.5903614457831325,0.6444444444444444,True,True,False,False,False,False,False,False,True,False,True,False
383,0.3855421686746988,0.3888888888888889,False,False,False,False,True,False,False,False,False,True,False,True
956,0.8433734939759038,0.7888888888888889,True,False,True,False,False,False,False,False,True,False,True,True
751,0.6626506024096386,0.611111111111111,True,False,False,False,True,False,False,False,True,False,True,True
257,0.7228915662650603,0.7444444444444445,True,False,True,False,False,False,False,False,False,False,True,False
538,0.5903614457831325,0.6777777777777778,True,False,False,False,True,True,False,False,False,False,True,False
335,0.6144578313253013,0.6222222222222222,False,True,False,False,False,False,False,False,True,False,False,True
15,0.6987951807228916,0.7555555555555555,False,False,True,False,False,False,False,False,False,True,True,True
324,0.3493975903614458,0.3666666666666667,False,False,True,False,False,False,True,False,False,False,False,True
758,0.5060240963855422,0.611111111111111,False,False,False,True,False,False,False,False,True,False,False,False
222,0.5783132530120483,0.5777777777777777,False,False,True,False,False,False,False,False,False,True,False,True
179,1.0,1.0,False,False,False,True,False,False,False,False,False,True,True,False
983,0.8433734939759038,0.8999999999999999,False,False,False,False,False,False,False,False,True,False,True,False
22,0.4457831325301205,0.4777777777777778,True,False,False,True,False,False,False,False,True,False,True,True
356,0.5301204819277109,0.5666666666666667,True,False,False,False,False,False,False,False,False,False,True,True
666,0.674698795180723,0.6777777777777778,False,False,True,False,False,False,False,False,True,False,False,False
861,0.8313253012048193,0.8555555555555555,False,False,False,False,True,False,False,True,False,False,False,True
340,0.5301204819277109,0.46666666666666673,True,False,True,False,False,False,True,False,False,False,False,True
431,0.6626506024096386,0.6666666666666666,False,False,True,False,False,False,True,False,False,False,True,True
551,0.8795180722891568,0.8666666666666667,True,True,False,False,False,True,False,False,False,False,False,False
833,0.783132530120482,0.8777777777777778,False,True,False,False,False,False,True,False,False,False,True,False
203,0.6265060240963856,0.6444444444444444,False,True,False,False,False,False,False,False,False,False,True,True
630,0.5662650602409639,0.6666666666666666,True,False,False,True,False,False,False,False,True,False,True,True
93,0.33734939759036153,0.4444444444444445,True,False,True,False,False,False,False,False,False,False,False,False
558,0.6385542168674699,0.6666666666666666,False,True,False,False,False,False,False,False,False,False,False,True
68,0.49397590361445787,0.5111111111111111,True,True,False,False,False,False,False,False,False,False,False,True
622,0.40963855421686746,0.46666666666666673,True,False,True,False,False,False,True,False,False,False,False,False
284,0.3493975903614458,0.4000000000000001,False,True,False,False,False,False,False,False,False,True,True,True
844,0.5783132530120483,0.6,False,False,False,True,False,False,False,False,False,True,False,False
434,0.5903614457831325,0.6222222222222222,True,False,True,False,False,False,False,False,False,True,True,True
153,0.3855421686746988,0.41111111111111115,True,False,False,True,False,True,False,False,False,False,True,True
75,0.28915662650602414,0.3111111111111111,True,True,False,False,False,False,False,False,False,False,False,True
730,0.7228915662650603,0.7777777777777778,False,True,False,False,False,False,False,False,False,False,False,False
446,0.5903614457831325,0.5555555555555556,True,False,False,True,False,False,False,False,True,False,False,True
188,0.42168674698795183,0.3888888888888889,True,True,False,False,False,False,False,False,False,True,False,True
271,0.3855421686746988,0.35555555555555557,True,False,True,False,False,False,False,False,True,False,True,True
236,0.5903614457831325,0.6333333333333333,True,False,False,True,False,True,False,False,False,False,False,True
487,0.6987951807228916,0.7111111111111111,False,False,True,False,False,False,False,False,False,False,False,True
117,0.783132530120482,0.7666666666666666,False,False,False,True,False,True,False,False,False,False,True,True
943,0.5421686746987953,0.5666666666666667,True,False,False,False,False,False,False,False,False,True,False,False
512,0.3855421686746988,0.46666666666666673,True,False,False,True,False,False,False,False,False,True,False,True
825,0.6024096385542169,0.5333333333333333,True,False,True,False,False,False,True,False,False,False,True,True
591,0.5421686746987953,0.4444444444444445,True,False,False,False,False,False,False,False,False,True,True,True
126,0.6144578313253013,0.6333333333333333,True,True,False,False,False,False,False,False,False,True,True,True
116,0.819277108433735,0.7999999999999999,False,True,False,False,False,True,False,False,False,False,False,True
473,0.6024096385542169,0.5666666666666667,False,False,False,True,False,False,False,False,False,True,True,True
693,0.7228915662650603,0.7,False,False,False,True,False,False,False,False,False,False,True,True
57,0.45783132530120485,0.4333333333333334,True,False,False,True,False,False,False,False,False,False,True,True
863,0.6506024096385543,0.7777777777777778,False,False,True,False,False,False,False,False,True,False,True,False
912,0.5301204819277109,0.6222222222222222,False,False,True,False,False,True,False,False,False,False,True,False
369,0.8072289156626508,0.8333333333333334,False,False,False,True,False,False,False,False,False,True,True,True
268,0.9036144578313253,0.9444444444444444,False,False,False,True,False,False,False,False,False,False,True,False
46,0.5783132530120483,0.5777777777777777,False,False,False,False,False,False,False,False,False,False,True,False
349,0.6867469879518073,0.7333333333333333,True,False,False,False,True,False,False,False,False,False,True,True
195,0.45783132530120485,0.46666666666666673,True,False,False,True,False,False,False,False,False,False,True,True
999,0.8313253012048193,0.8444444444444444,False,False,False,True,False,False,False,False,True,False,False,True
834,0.3975903614457832,0.3888888888888889,True,True,False,False,False,False,False,False,True,False,True,True
736,0.746987951807229,0.8222222222222222,True,False,True,False,False,False,False,False,False,False,True,True
263,0.9156626506024098,0.8888888888888888,False,False,False,False,True,False,True,False,False,False,True,True
443,0.7951807228915663,0.7333333333333333,False,True,False,False,False,False,False,False,False,False,True,True
675,0.5662650602409639,0.6222222222222222,False,True,False,False,False,False,False,False,True,False,True,False
304,0.6987951807228916,0.8111111111111111,False,False,True,False,False,False,False,False,False,False,True,False
341,0.674698795180723,0.5888888888888889,False,False,True,False,False,False,True,False,False,False,True,True
966,0.6144578313253013,0.6,True,False,False,False,False,False,False,False,False,True,True,False
149,1.0,0.9222222222222223,True,False,False,False,True,False,False,False,False,False,False,False
124,0.7590361445783133,0.7,True,False,False,False,True,False,False,False,True,False,True,True
786,0.746987951807229,0.7444444444444445,False,False,False,False,True,False,False,False,False,True,False,True
50,0.45783132530120485,0.4222222222222222,True,False,False,False,True,False,False,False,True,False,True,True
353,0.49397590361445787,0.5222222222222221,False,False,True,False,False,False,False,False,False,False,True,True
927,0.5301204819277109,0.6777777777777778,False,False,False,True,False,False,True,False,False,False,False,False
142,0.45783132530120485,0.4888888888888889,False,False,False,False,True,False,False,False,True,False,False,False
470,0.819277108433735,0.8888888888888888,False,False,True,False,False,False,False,False,False,False,True,False
399,0.5060240963855422,0.4888888888888889,True,False,False,True,False,False,False,False,False,True,True,True
625,0.9638554216867471,0.9888888888888889,True,False,False,True,False,False,False,False,True,False,True,False
320,0.746987951807229,0.8222222222222222,False,False,True,False,False,False,True,False,False,False,False,False
19,0.49397590361445787,0.5666666666666667,False,False,True,False,False,False,False,False,False,False,False,True
809,0.4457831325301205,0.45555555555555555,True,True,False,False,False,True,False,False,False,False,True,True
790,0.5421686746987953,0.5555555555555556,False,True,False,False,False,False,True,False,False,False,True,True
808,0.6987951807228916,0.6555555555555556,True,False,True,False,False,False,True,False,False,False,True,True
407,0.7590361445783133,0.7444444444444445,False,True,False,False,False,False,False,False,False,False,True,True
537,0.5903614457831325,0.5777777777777777,False,False,False,True,False,False,True,False,False,False,True,True
620,0.5301204819277109,0.4888888888888889,False,False,True,False,False,False,True,False,False,False,False,True
38,0.8795180722891568,0.8666666666666667,False,False,False,True,False,False,False,False,False,False,False,False
175,0.8915662650602411,0.8555555555555555,False,False,True,False,False,False,False,True,False,False,True,False
245,0.710843373493976,0.6777777777777778,True,False,True,False,False,False,False,False,False,False,True,True
828,0.8313253012048193,0.7888888888888889,False,False,False,True,False,False,False,False,False,True,False,False
667,0.819277108433735,0.8555555555555555,False,True,False,False,False,True,False,False,False,False,False,True
754,0.45783132530120485,0.4777777777777778,True,False,True,False,False,False,False,False,False,False,False,True
858,0.3855421686746988,0.4000000000000001,True,True,False,False,False,False,True,False,False,False,True,False
154,0.6024096385542169,0.5666666666666667,True,False,False,True,False,False,False,False,False,True,True,True
287,0.8674698795180723,0.7999999999999999,False,True,False,False,False,False,False,False,False,True,True,True
602,0.7349397590361446,0.7777777777777778,False,False,False,False,True,False,False,False,True,False,True,True
569,0.6144578313253013,0.6333333333333333,True,False,False,True,False,True,False,False,False,False,False,True
743,0.674698795180723,0.6888888888888889,False,False,True,False,False,False,False,False,False,False,True,False
17,0.18072289156626506,0.2,False,True,False,False,False,False,False,False,False,True,False,True
127,0.7228915662650603,0.7111111111111111,True,False,False,True,False,False,False,False,True,False,True,False
322,0.7710843373493976,0.7777777777777778,False,False,True,False,False,False,False,False,True,False,True,True
255,0.674698795180723,0.6666666666666666,False,False,False,False,True,False,False,False,True,False,True,True
657,0.5903614457831325,0.5666666666666667,True,False,False,True,False,False,False,False,False,True,True,True
964,0.4819277108433735,0.5333333333333333,True,False,False,True,False,False,False,False,True,False,True,True
190,0.5783132530120483,0.6555555555555556,False,False,False,False,True,False,False,False,False,False,True,True
115,0.7228915662650603,0.7111111111111111,True,False,True,False,False,False,True,False,False,False,True,True
616,0.33734939759036153,0.3111111111111111,False,False,False,False,True,True,False,False,False,False,True,True
606,0.8072289156626508,0.7999999999999999,False,False,True,False,False,False,False,False,False,False,True,True
180,0.6144578313253013,0.7222222222222222,True,False,True,False,False,False,False,True,False,False,False,False
301,0.4457831325301205,0.46666666666666673,True,False,False,True,False,False,False,False,False,True,False,True
759,0.7228915662650603,0.7444444444444445,True,True,False,False,False,False,False,False,True,False,True,False
712,1.0,0.9888888888888889,False,False,False,True,False,False,False,False,True,False,True,True
723,0.37349397590361455,0.35555555555555557,True,False,True,False,False,False,True,False,False,False,True,True
685,0.9879518072289156,1.0,False,False,False,False,True,False,False,True,False,False,True,False
979,0.9397590361445783,0.9333333333333333,False,False,True,False,False,False,False,False,False,False,True,True
517,0.6867469879518073,0.7,False,False,False,False,True,False,False,False,True,False,True,False
984,0.6987951807228916,0.7999999999999999,False,False,True,False,False,False,False,False,False,True,True,True
45,0.4457831325301205,0.5222222222222221,True,True,False,False,False,False,False,False,False,False,True,True
909,0.5662650602409639,0.6666666666666666,True,False,False,False,True,True,False,False,False,False,True,False
157,0.5180722891566265,0.5555555555555556,True,True,False,False,False,False,False,False,True,False,False,True
851,0.6144578313253013,0.5888888888888889,False,False,False,False,False,False,True,False,False,False,True,True
171,0.855421686746988,0.7555555555555555,True,False,False,False,True,False,False,False,False,True,True,True
16,0.8674698795180723,0.8444444444444444,True,False,True,False,False,False,True,False,False,False,True,True
511,0.3975903614457832,0.3666666666666667,True,False,False,False,False,False,False,False,False,True,True,True
48,0.6867469879518073,0.7333333333333333,False,False,False,True,False,False,False,False,False,False,False,False
971,0.6626506024096386,0.6555555555555556,True,False,True,False,False,False,False,False,False,True,True,False
940,0.5903614457831325,0.6888888888888889,True,False,True,False,False,False,False,True,False,False,False,False
515,0.8433734939759038,0.8333333333333334,False,False,True,False,False,False,False,False,False,True,True,False
952,0.6867469879518073,0.6888888888888889,False,False,False,False,True,False,False,False,False,True,False,True
480,0.6506024096385543,0.6444444444444444,True,True,False,False,False,False,True,False,False,False,True,False
283,0.7349397590361446,0.7555555555555555,False,False,False,True,False,False,False,False,True,False,False,False
718,0.710843373493976,0.7111111111111111,False,False,True,False,False,False,True,False,False,False,True,True
877,0.5301204819277109,0.4888888888888889,True,False,True,False,False,False,False,False,False,True,True,True
225,0.4698795180722892,0.4888888888888889,False,False,False,False,True,False,False,True,False,False,False,True
26,0.4457831325301205,0.5,True,True,False,False,False,False,False,False,True,False,True,True
954,0.6265060240963856,0.6555555555555556,False,False,True,False,False,False,False,False,True,False,True,True
437,0.5903614457831325,0.7,True,False,False,True,False,False,False,False,False,False,False,True
951,0.7228915662650603,0.8111111111111111,False,False,False,True,False,False,False,False,True,False,True,False
364,0.5180722891566265,0.5333333333333333,True,False,True,False,False,False,False,False,True,False,True,True
229,0.9397590361445783,0.9333333333333333,False,False,True,False,False,False,False,False,True,False,True,False
37,0.5662650602409639,0.5444444444444444,False,False,False,True,False,False,False,False,False,True,False,True
965,0.6385542168674699,0.6888888888888889,False,False,False,True,False,False,False,False,True,False,True,True
374,0.6385542168674699,0.7,False,False,False,True,False,True,False,False,False,False,True,True
469,0.6867469879518073,0.7333333333333333,True,False,True,False,False,False,False,False,True,False,True,True
967,0.5542168674698795,0.5555555555555556,True,False,True,False,False,False,False,False,True,False,True,True
850,0.6024096385542169,0.6333333333333333,True,False,True,False,False,False,False,True,False,False,True,True
704,0.5542168674698795,0.6,False,True,False,False,False,False,False,False,False,True,False,False
841,0.49397590361445787,0.45555555555555555,True,False,True,False,False,False,False,False,False,True,True,True
194,0.8072289156626508,0.8333333333333334,False,False,True,False,False,False,False,True,False,False,True,False
854,0.5662650602409639,0.5,True,False,True,False,False,False,False,False,False,True,True,True
864,0.9156626506024098,0.8999999999999999,True,False,True,False,False,False,False,False,False,False,True,True
503,0.8674698795180723,0.9111111111111112,False,False,False,False,True,False,False,False,False,False,True,False
969,0.8072289156626508,0.7777777777777778,False,True,False,False,False,True,False,False,False,False,True,True
830,0.5180722891566265,0.5222222222222221,False,False,False,False,False,False,False,False,True,False,False,True
579,0.5301204819277109,0.6444444444444444,False,False,False,True,False,False,False,True,False,False,True,True
968,0.710843373493976,0.6333333333333333,False,False,False,False,True,False,False,False,False,False,True,True
162,0.4337349397590362,0.46666666666666673,True,True,False,False,False,False,False,True,False,False,False,True
908,0.6987951807228916,0.6888888888888889,False,False,True,False,False,True,False,False,False,False,False,True
152,0.6385542168674699,0.6222222222222222,False,True,False,False,False,False,False,False,False,False,True,False
801,0.7590361445783133,0.7,True,False,True,False,False,False,False,False,False,True,True,False
993,0.6626506024096386,0.7111111111111111,False,False,False,True,False,True,False,False,False,False,False,True
755,0.9397590361445783,0.9111111111111112,False,False,False,False,True,False,False,False,False,False,True,True
111,0.45783132530120485,0.4333333333333334,True,False,True,False,False,False,True,False,False,False,True,True
226,0.6626506024096386,0.6777777777777778,False,False,True,False,False,False,False,False,True,False,True,True
688,0.49397590361445787,0.3777777777777778,True,False,False,False,False,False,True,False,False,False,False,True
103,0.32530120481927716,0.41111111111111115,True,True,False,False,False,False,True,False,False,False,True,False
421,0.49397590361445787,0.6,False,False,False,True,False,False,True,False,False,False,True,False
419,0.4698795180722892,0.4888888888888889,True,False,False,False,True,False,True,False,False,False,False,False
750,0.6265060240963856,0.6444444444444444,True,False,False,True,False,False,False,False,False,True,True,False
586,0.674698795180723,0.7,False,False,False,False,False,False,True,False,False,False,True,True
780,0.4698795180722892,0.5222222222222221,False,False,False,True,False,False,False,False,False,False,False,True
672,0.7349397590361446,0.7333333333333333,False,False,True,False,False,False,False,False,True,False,True,True
119,0.6265060240963856,0.611111111111111,False,False,True,False,False,False,False,False,True,False,True,True
53,0.7349397590361446,0.7222222222222222,True,False,False,True,False,False,True,False,False,False,True,True
151,0.6024096385542169,0.6444444444444444,True,False,False,False,False,True,False,False,False,False,True,True
403,0.9879518072289156,1.0,False,False,False,True,False,False,True,False,False,False,True,False
945,0.5301204819277109,0.5333333333333333,False,False,True,False,False,False,False,False,False,False,True,True
207,0.7590361445783133,0.7333333333333333,True,False,False,False,True,False,True,False,False,False,True,False
658,0.5180722891566265,0.5333333333333333,False,False,False,True,False,False,False,False,False,False,False,True
843,0.7228915662650603,0.7333333333333333,True,True,False,False,False,False,False,False,True,False,False,False
762,0.7710843373493976,0.8444444444444444,True,False,False,True,False,False,False,False,False,True,True,False
8,0.5662650602409639,0.6333333333333333,True,False,False,True,False,False,True,False,False,False,False,False
807,0.33734939759036153,0.33333333333333337,False,False,False,False,True,False,True,False,False,False,False,True
36,0.7710843373493976,0.8111111111111111,False,False,False,True,False,False,False,False,False,False,True,True
452,0.7228915662650603,0.7111111111111111,False,False,True,False,False,False,False,False,False,False,False,True
651,0.7590361445783133,0.7333333333333333,False,False,False,False,False,False,True,False,False,False,True,False
253,0.7590361445783133,0.6888888888888889,True,False,False,True,False,False,False,True,False,False,True,True
303,0.710843373493976,0.6,True,True,False,False,False,False,False,False,False,False,True,True
746,0.6987951807228916,0.6777777777777778,True,False,False,True,False,False,True,False,False,False,True,True
571,0.9518072289156628,0.9111111111111112,True,False,False,False,False,True,False,False,False,False,True,True
623,0.9518072289156628,0.8444444444444444,True,False,False,False,False,False,False,False,True,False,True,False
732,0.8674698795180723,0.9333333333333333,False,False,True,False,False,False,False,False,True,False,True,False
891,0.9036144578313253,0.8333333333333334,False,False,False,False,True,False,False,False,False,False,True,True
262,0.3975903614457832,0.45555555555555555,False,False,True,False,False,False,False,False,False,True,False,True
610,0.5180722891566265,0.5888888888888889,True,False,False,True,False,False,False,False,True,False,False,False
297,0.6867469879518073,0.6444444444444444,True,False,False,False,True,False,False,False,False,False,True,False
414,0.6626506024096386,0.7666666666666666,False,False,True,False,False,True,False,False,False,False,False,False
150,0.6024096385542169,0.6555555555555556,True,False,False,False,False,False,False,False,False,True,True,False
788,0.5783132530120483,0.5666666666666667,True,False,True,False,False,False,False,False,False,False,False,True
640,0.42168674698795183,0.45555555555555555,True,False,False,True,False,False,True,False,False,False,True,True
889,0.40963855421686746,0.4222222222222222,True,False,False,True,False,False,True,False,False,False,False,True
550,0.710843373493976,0.611111111111111,True,False,True,False,False,False,False,False,False,True,False,True
886,1.0,0.9444444444444444,False,False,False,False,True,False,False,False,False,False,True,False
488,0.4337349397590362,0.5222222222222221,True,True,False,False,False,False,False,False,False,True,True,False
147,0.6144578313253013,0.6222222222222222,True,False,True,False,False,False,False,False,False,False,False,True
146,0.8072289156626508,0.7222222222222222,True,True,False,False,False,False,False,False,False,True,True,True
720,0.6626506024096386,0.6666666666666666,False,False,True,False,False,False,False,False,True,False,False,True
931,0.4819277108433735,0.5777777777777777,True,False,False,True,False,False,False,False,True,False,False,True
739,0.5180722891566265,0.5,True,False,True,False,False,False,True,False,False,False,False,True
659,0.8433734939759038,0.8333333333333334,True,False,False,True,False,False,False,False,False,False,True,True
348,0.6867469879518073,0.6222222222222222,True,False,False,True,False,False,True,False,False,False,False,True
463,0.8795180722891568,0.8999999999999999,False,False,True,False,False,False,False,False,True,False,False,True
325,0.8795180722891568,0.9333333333333333,False,False,True,False,False,False,False,False,True,False,True,True
186,0.710843373493976,0.611111111111111,True,False,False,False,True,False,True,False,False,False,True,True
123,0.4819277108433735,0.5111111111111111,True,False,False,True,False,False,True,False,False,False,False,True
853,0.6024096385542169,0.5666666666666667,True,False,False,False,True,False,False,False,False,True,True,True
608,0.5662650602409639,0.5777777777777777,False,False,False,False,True,False,False,False,True,False,True,True
143,0.3132530120481928,0.41111111111111115,True,False,False,False,False,False,True,False,False,False,True,True
958,0.5542168674698795,0.5444444444444444,False,False,False,True,False,False,True,False,False,False,True,True
197,0.4698795180722892,0.45555555555555555,True,False,False,False,True,False,True,False,False,False,False,True
609,0.5542168674698795,0.611111111111111,False,True,False,False,False,False,False,False,False,False,True,True
279,0.4698795180722892,0.5222222222222221,True,True,False,False,False,True,False,False,False,False,False,True
293,0.674698795180723,0.7222222222222222,False,False,False,False,True,True,False,False,False,False,True,True
400,0.4457831325301205,0.6333333333333333,False,False,True,False,False,False,False,False,False,True,True,False
122,0.9156626506024098,0.9222222222222223,False,False,True,False,False,False,False,False,True,False,True,False
183,0.6265060240963856,0.6666666666666666,False,False,False,True,False,False,False,False,False,False,True,True
202,0.7228915662650603,0.6555555555555556,True,False,True,False,False,False,False,False,False,False,True,True
438,0.4698795180722892,0.45555555555555555,True,False,True,False,False,False,True,False,False,False,True,True
246,0.710843373493976,0.7111111111111111,True,False,False,False,True,False,False,False,False,False,True,True
415,0.674698795180723,0.6555555555555556,True,False,False,False,True,False,True,False,False,False,True,True
932,0.6506024096385543,0.7,True,False,False,True,False,False,False,False,False,False,False,False
765,0.6626506024096386,0.6888888888888889,False,True,False,False,False,False,True,False,False,False,True,True
906,0.37349397590361455,0.45555555555555555,True,True,False,False,False,False,True,False,False,False,True,True
835,0.5662650602409639,0.7111111111111111,False,False,True,False,False,False,True,False,False,False,True,False
887,0.6626506024096386,0.5444444444444444,True,False,True,False,False,False,True,False,False,False,False,True
129,0.3855421686746988,0.45555555555555555,False,False,False,False,False,True,False,False,False,False,True,True
637,0.9036144578313253,0.8666666666666667,False,False,False,True,False,False,False,False,False,True,True,False
402,0.5783132530120483,0.5,False,False,False,False,False,False,False,False,True,False,False,True
784,0.7710843373493976,0.7666666666666666,True,False,True,False,False,True,False,False,False,False,True,False
770,0.37349397590361455,0.4333333333333334,True,True,False,False,False,False,True,False,False,False,True,True
735,0.4819277108433735,0.5444444444444444,True,False,True,False,False,False,False,True,False,False,True,True
913,0.5421686746987953,0.6222222222222222,False,False,True,False,False,True,False,False,False,False,False,False
219,0.4698795180722892,0.5111111111111111,True,True,False,False,False,False,False,False,False,True,True,False
641,0.855421686746988,0.8888888888888888,False,False,False,True,False,False,False,False,False,False,False,False
915,0.6385542168674699,0.6222222222222222,False,False,False,False,True,False,False,False,True,False,True,True
752,0.7228915662650603,0.7222222222222222,True,False,True,False,False,False,False,True,False,False,False,False
806,0.6867469879518073,0.7222222222222222,False,False,False,True,False,False,False,False,True,False,False,True
919,0.9518072289156628,0.8999999999999999,True,True,False,False,False,False,False,False,True,False,True,False
624,0.49397590361445787,0.5777777777777777,False,False,False,False,True,True,False,False,False,False,False,True
874,0.5421686746987953,0.5666666666666667,False,False,True,False,False,True,False,False,False,False,False,True
760,0.6626506024096386,0.6,False,False,True,False,False,False,True,False,False,False,False,True
386,0.674698795180723,0.6666666666666666,False,False,False,False,True,True,False,False,False,False,True,True
972,0.3975903614457832,0.5555555555555556,False,False,False,False,False,False,True,False,False,False,False,False
509,0.9036144578313253,0.8555555555555555,False,False,True,False,False,True,False,False,False,False,True,True
267,0.6626506024096386,0.7444444444444445,False,False,False,True,False,False,True,False,False,False,True,True
819,0.8915662650602411,0.8666666666666667,False,False,True,False,False,False,False,False,False,True,True,True
441,0.7710843373493976,0.7777777777777778,False,False,False,True,False,False,True,False,False,False,True,True
496,0.37349397590361455,0.46666666666666673,False,False,True,False,False,False,False,False,True,False,True,True
112,0.4337349397590362,0.41111111111111115,True,False,False,False,False,False,False,False,False,False,True,True
691,0.710843373493976,0.7555555555555555,False,False,False,False,True,False,False,False,False,False,False,True
232,0.8313253012048193,0.8111111111111111,False,True,False,False,False,True,False,False,False,False,True,True
869,0.40963855421686746,0.45555555555555555,True,False,True,False,False,False,False,False,False,False,False,True
607,0.49397590361445787,0.4888888888888889,False,False,True,False,False,False,False,True,False,False,False,True
671,0.4819277108433735,0.4444444444444445,True,False,False,True,False,False,False,False,False,False,False,True
373,0.9638554216867471,0.9555555555555555,False,False,False,True,False,False,False,False,True,False,True,False
981,0.7349397590361446,0.7555555555555555,True,False,False,True,False,False,False,False,False,True,True,True
842,0.32530120481927716,0.2888888888888889,False,True,False,False,False,False,True,False,False,False,False,False
233,0.8433734939759038,0.7555555555555555,True,False,False,False,True,False,False,False,False,True,True,True
785,0.40963855421686746,0.3777777777777778,False,True,False,False,False,False,False,False,False,True,True,False
676,0.7349397590361446,0.7333333333333333,False,False,False,False,True,False,False,False,True,False,True,False
317,0.6626506024096386,0.7555555555555555,True,False,True,False,False,False,False,False,False,False,True,True
648,0.4337349397590362,0.5,False,True,False,False,False,False,True,False,False,False,True,True
410,0.6506024096385543,0.7111111111111111,False,False,False,True,False,False,False,True,False,False,True,False
898,0.4457831325301205,0.5888888888888889,True,False,False,True,False,False,False,False,False,False,True,False
709,0.5301204819277109,0.5333333333333333,False,False,False,True,False,False,False,False,False,False,False,False
358,0.5421686746987953,0.5666666666666667,True,False,False,True,False,False,False,False,True,False,False,True
258,0.6987951807228916,0.7555555555555555,False,True,False,False,False,False,False,False,True,False,True,True
744,0.45783132530120485,0.41111111111111115,True,True,False,False,False,False,False,False,True,False,False,True
627,0.37349397590361455,0.4000000000000001,True,False,False,True,False,False,False,False,False,False,True,True
632,0.6867469879518073,0.7888888888888889,False,True,False,False,False,True,False,False,False,False,True,False
282,0.746987951807229,0.8222222222222222,False,False,False,True,False,True,False,False,False,False,False,True
376,0.8795180722891568,0.7999999999999999,False,False,False,True,False,False,False,False,False,True,True,True
384,0.3132530120481928,0.3666666666666667,False,False,False,False,False,False,False,False,False,True,False,True
224,0.5903614457831325,0.7,False,True,False,False,False,False,False,False,False,False,True,False
953,0.42168674698795183,0.4888888888888889,True,False,True,False,False,False,True,False,False,False,True,False
814,0.7590361445783133,0.8111111111111111,False,False,True,False,False,False,True,False,False,False,True,True
472,0.8313253012048193,0.8222222222222222,False,False,True,False,False,False,False,False,False,False,True,False
347,0.9277108433734941,0.9444444444444444,False,False,True,False,False,True,False,False,False,False,True,False
505,0.783132530120482,0.7777777777777778,False,True,False,False,False,False,False,False,False,True,True,True
639,0.6867469879518073,0.7,False,False,False,True,False,False,False,False,False,False,True,True
987,0.6987951807228916,0.7333333333333333,True,False,False,False,True,False,False,False,False,True,True,False
928,0.3132530120481928,0.3777777777777778,True,False,False,False,True,False,False,False,False,False,False,False
905,0.7228915662650603,0.7444444444444445,True,False,False,True,False,False,False,False,True,False,True,True
619,0.674698795180723,0.6444444444444444,True,False,True,False,False,False,False,False,False,False,False,False
855,0.9638554216867471,0.9555555555555555,False,True,False,False,False,True,False,False,False,False,True,True
803,0.819277108433735,0.8555555555555555,False,True,False,False,False,False,False,False,True,False,True,True
645,0.7710843373493976,0.7888888888888889,False,True,False,False,False,True,False,False,False,False,True,False
846,0.819277108433735,0.8333333333333334,True,False,True,False,False,False,False,True,False,False,True,False
556,0.6626506024096386,0.7666666666666666,False,False,True,False,False,False,False,False,False,False,True,False
957,1.0,1.0,False,False,False,True,False,False,False,True,False,False,True,True
577,0.8915662650602411,0.8777777777777778,False,True,False,False,False,False,True,False,False,False,True,True
795,0.6144578313253013,0.7,False,False,False,False,True,False,False,False,False,False,False,False
85,0.7590361445783133,0.7999999999999999,False,False,True,False,False,False,False,False,True,False,True,True
242,0.42168674698795183,0.5,False,False,False,True,False,False,True,False,False,False,True,True
698,0.7349397590361446,0.7666666666666666,False,False,False,True,False,False,False,False,False,False,True,False
159,0.5421686746987953,0.6,True,False,False,True,False,False,False,False,False,False,False,True
524,0.42168674698795183,0.4333333333333334,True,False,True,False,False,False,True,False,False,False,True,False
35,0.7710843373493976,0.7666666666666666,True,False,False,False,True,False,False,False,False,False,True,False
540,0.6265060240963856,0.6444444444444444,True,False,True,False,False,False,True,False,False,False,True,False
170,0.674698795180723,0.7111111111111111,True,False,False,False,False,False,True,False,False,False,True,False
654,0.746987951807229,0.7666666666666666,False,True,False,False,False,False,False,False,False,True,True,True
890,0.819277108433735,0.8999999999999999,False,False,False,False,True,False,False,False,True,False,True,False
857,0.746987951807229,0.7888888888888889,False,False,True,False,False,True,False,False,False,False,True,True
847,0.4457831325301205,0.4444444444444445,True,False,False,True,False,False,True,False,False,False,True,True
944,0.6144578313253013,0.5666666666666667,False,True,False,False,False,False,True,False,False,False,True,True
733,0.3614457831325302,0.3777777777777778,True,False,False,True,False,False,False,False,False,True,True,True
95,0.7710843373493976,0.7999999999999999,True,False,True,False,False,False,False,False,False,False,False,False
563,0.7590361445783133,0.7777777777777778,False,False,False,True,False,False,False,False,True,False,False,False
240,0.6144578313253013,0.6222222222222222,True,False,False,True,False,False,True,False,False,False,False,False
742,0.8072289156626508,0.7999999999999999,False,False,True,False,False,False,True,False,False,False,True,True
574,0.7710843373493976,0.6777777777777778,False,False,False,False,True,False,True,False,False,False,True,True
690,0.4337349397590362,0.4777777777777778,False,False,True,False,False,False,False,False,False,False,True,True
460,0.49397590361445787,0.5,True,False,True,False,False,True,False,False,False,False,False,True
553,0.5421686746987953,0.6,True,False,False,True,False,False,False,False,True,False,False,True
888,0.5783132530120483,0.7111111111111111,False,False,False,True,False,False,False,False,True,False,False,True
206,0.5421686746987953,0.5777777777777777,True,False,False,False,True,True,False,False,False,False,True,True
392,0.6024096385542169,0.6333333333333333,True,False,False,False,True,False,False,False,True,False,True,True
794,0.42168674698795183,0.45555555555555555,False,True,False,False,False,False,True,False,False,False,True,True
397,0.8674698795180723,0.9444444444444444,False,False,True,False,False,False,False,False,False,False,True,True
766,0.6987951807228916,0.7444444444444445,False,False,True,False,False,False,True,False,False,False,True,False
848,0.6626506024096386,0.6444444444444444,False,False,True,False,False,False,True,False,False,False,True,True
217,0.3012048192771085,0.32222222222222224,False,False,True,False,False,False,True,False,False,False,False,True
4,0.7349397590361446,0.7222222222222222,True,False,True,False,False,False,False,False,True,False,True,True
768,0.6506024096385543,0.7222222222222222,False,False,False,True,False,False,False,False,False,True,True,True
642,0.7710843373493976,0.7666666666666666,False,True,False,False,False,False,False,False,False,True,False,True
929,0.4698795180722892,0.45555555555555555,False,False,True,False,False,False,False,False,False,True,False,True
612,0.8795180722891568,0.8999999999999999,True,False,True,False,False,True,False,False,False,False,True,False
738,0.6506024096385543,0.7,True,False,False,True,False,False,False,False,False,False,True,True
546,1.0,0.9666666666666666,False,False,False,False,False,False,False,False,False,True,True,False
725,0.6867469879518073,0.6777777777777778,True,False,False,False,True,False,False,False,True,False,True,False
683,0.27710843373493976,0.3777777777777778,False,False,True,False,False,False,False,False,False,True,False,False
98,0.6024096385542169,0.5777777777777777,False,False,False,True,False,False,False,False,True,False,False,True
804,0.710843373493976,0.7555555555555555,False,False,True,False,False,False,False,False,True,False,True,True
727,0.40963855421686746,0.5222222222222221,True,False,False,False,True,False,False,False,False,True,True,False
573,0.5903614457831325,0.6,False,False,True,False,False,False,True,False,False,False,False,False
406,0.5783132530120483,0.5888888888888889,True,True,False,False,False,False,False,False,False,False,True,False
502,0.5301204819277109,0.4888888888888889,True,False,True,False,False,False,False,False,True,False,False,True
47,0.6506024096385543,0.7333333333333333,False,False,True,False,False,False,True,False,False,False,True,True
32,0.6626506024096386,0.611111111111111,False,False,False,False,True,False,False,True,False,False,False,True
779,0.819277108433735,0.7999999999999999,True,False,False,False,True,False,False,False,False,False,True,False
839,0.7228915662650603,0.7,False,False,True,False,False,False,False,False,False,False,True,True
200,0.8072289156626508,0.8444444444444444,False,False,True,False,False,False,False,False,False,False,True,False
134,0.746987951807229,0.7222222222222222,True,False,False,True,False,True,False,False,False,False,False,False
27,0.6265060240963856,0.7222222222222222,False,False,True,False,False,True,False,False,False,False,True,True
880,0.5662650602409639,0.6222222222222222,True,False,True,False,False,True,False,False,False,False,True,False
230,0.5662650602409639,0.6222222222222222,True,False,False,True,False,False,False,False,True,False,True,True
489,0.783132530120482,0.7999999999999999,True,False,False,False,False,False,False,False,False,False,False,False
772,0.6024096385542169,0.6888888888888889,False,True,False,False,False,False,False,False,False,True,False,False
378,0.7951807228915663,0.7444444444444445,False,False,False,False,False,False,False,False,False,True,True,True
288,0.6987951807228916,0.7333333333333333,True,True,False,False,False,True,False,False,False,False,False,True
418,0.5060240963855422,0.5777777777777777,True,False,False,True,False,False,False,False,True,False,True,True
674,0.7228915662650603,0.7555555555555555,False,False,False,True,False,False,True,False,False,False,True,False
391,0.6144578313253013,0.7444444444444445,False,False,False,True,False,False,False,False,True,False,True,True
592,0.6144578313253013,0.6,True,False,False,False,True,True,False,False,False,False,True,True
498,0.6265060240963856,0.6444444444444444,False,True,False,False,False,False,False,False,False,True,True,True
138,0.5903614457831325,0.6333333333333333,False,False,True,False,False,False,False,False,False,False,True,True
62,0.5301204819277109,0.5,True,False,False,False,False,False,False,False,False,False,False,True
471,0.6265060240963856,0.7111111111111111,False,False,True,False,False,False,True,False,False,False,True,True
647,0.5421686746987953,0.6444444444444444,False,False,False,False,True,False,True,False,False,False,False,True
128,0.783132530120482,0.7111111111111111,True,False,False,True,False,False,False,True,False,False,True,True
976,0.5421686746987953,0.5555555555555556,True,True,False,False,False,False,False,False,True,False,False,False
520,0.3855421686746988,0.46666666666666673,True,False,False,True,False,False,False,False,True,False,True,True
838,0.4819277108433735,0.4777777777777778,True,True,False,False,False,False,False,False,False,False,False,False
962,1.0,1.0,False,False,False,False,True,False,False,False,False,False,True,True
64,0.49397590361445787,0.5444444444444444,False,False,False,True,False,False,False,False,False,True,True,True
812,0.5662650602409639,0.6333333333333333,False,False,True,False,False,False,False,True,False,False,True,False
14,0.4337349397590362,0.5333333333333333,False,False,False,False,False,False,False,True,False,False,True,True
156,0.6867469879518073,0.7555555555555555,False,False,False,False,True,False,True,False,False,False,False,False
40,0.5301204819277109,0.4888888888888889,True,False,True,False,False,False,False,False,False,False,False,True
492,0.7951807228915663,0.8888888888888888,False,False,True,False,False,False,False,False,True,False,True,True
379,0.5662650602409639,0.5777777777777777,True,False,False,False,False,True,False,False,False,False,True,True
187,0.5903614457831325,0.6444444444444444,True,False,False,True,False,False,False,False,False,True,True,False
763,0.5421686746987953,0.5888888888888889,False,True,False,False,False,False,True,False,False,False,True,True
216,0.8313253012048193,0.8666666666666667,False,False,False,False,True,False,False,False,False,False,False,False
791,0.5903614457831325,0.6666666666666666,False,False,False,True,False,False,False,False,True,False,False,True
52,0.32530120481927716,0.35555555555555557,True,False,True,False,False,False,False,False,True,False,True,True
878,0.6626506024096386,0.7777777777777778,False,False,False,True,False,False,False,False,False,True,True,True
337,0.40963855421686746,0.3666666666666667,True,False,True,False,False,False,False,False,False,False,True,True
748,0.5180722891566265,0.5444444444444444,False,False,True,False,False,True,False,False,False,False,False,True
719,0.674698795180723,0.7777777777777778,True,False,False,False,True,False,False,False,False,False,False,False
724,0.3132530120481928,0.34444444444444444,True,True,False,False,False,False,False,False,True,False,True,True
295,0.5421686746987953,0.5555555555555556,True,True,False,False,False,False,False,False,False,False,False,True
701,0.6024096385542169,0.6888888888888889,False,True,False,False,False,False,False,False,False,True,True,True
251,0.7951807228915663,0.8111111111111111,False,False,False,True,False,False,False,False,True,False,False,True
726,0.6987951807228916,0.7444444444444445,False,False,False,False,True,False,False,False,False,False,True,False
461,0.4457831325301205,0.3888888888888889,True,True,False,False,False,False,False,False,True,False,False,True
455,0.4698795180722892,0.41111111111111115,True,False,True,False,False,True,False,False,False,False,False,True
996,0.45783132530120485,0.5,True,False,True,False,False,False,True,False,False,False,False,True
815,0.8313253012048193,0.8555555555555555,True,True,False,False,False,False,False,False,False,True,True,False
862,0.3012048192771085,0.3111111111111111,True,False,False,True,False,True,False,False,False,False,False,False
269,0.710843373493976,0.6666666666666666,False,False,False,False,True,False,False,False,True,False,False,True
201,0.7710843373493976,0.7444444444444445,False,False,False,True,False,False,False,False,True,False,False,True
161,0.855421686746988,0.8333333333333334,False,False,False,False,True,False,False,False,True,False,False,False
555,0.2650602409638554,0.2555555555555556,False,False,True,False,False,False,False,False,True,False,False,True
729,0.2650602409638554,0.30000000000000004,True,False,True,False,False,False,False,False,True,False,True,True
401,0.3132530120481928,0.3666666666666667,True,False,False,False,False,False,False,False,True,False,True,True
702,0.8072289156626508,0.8555555555555555,True,False,False,False,False,True,False,False,False,False,True,False
476,0.5421686746987953,0.6222222222222222,True,False,False,False,True,True,False,False,False,False,True,False
821,0.8795180722891568,0.9222222222222223,False,False,False,True,False,True,False,False,False,False,False,True
771,0.674698795180723,0.7111111111111111,True,False,False,True,False,True,False,False,False,False,True,True
105,0.6024096385542169,0.6888888888888889,False,False,True,False,False,False,False,False,True,False,True,True
565,0.3132530120481928,0.3888888888888889,True,True,False,False,False,False,False,False,False,False,True,True
389,0.6385542168674699,0.7222222222222222,True,False,False,True,False,False,False,True,False,False,True,True
1,0.8795180722891568,0.8666666666666667,False,False,True,False,False,False,False,False,True,False,True,False
937,0.49397590361445787,0.5222222222222221,False,False,False,False,True,False,True,False,False,False,False,True
982,0.819277108433735,0.8444444444444444,True,True,False,False,False,False,False,False,False,True,True,False
561,0.6867469879518073,0.7111111111111111,False,False,True,False,False,False,False,False,True,False,True,True
80,0.3855421686746988,0.4444444444444445,False,True,False,False,False,False,False,False,False,False,True,True
205,0.6506024096385543,0.7555555555555555,True,False,False,True,False,False,False,False,False,True,True,False
34,0.8433734939759038,0.7999999999999999,True,False,False,False,True,False,False,False,True,False,True,True
775,0.49397590361445787,0.5,False,True,False,False,False,False,False,False,False,True,False,True
508,0.7349397590361446,0.7444444444444445,True,False,True,False,False,False,False,True,False,False,True,True
427,0.6506024096385543,0.611111111111111,True,False,True,False,False,False,False,False,False,True,False,True
454,0.5301204819277109,0.5777777777777777,False,False,True,False,False,False,False,False,False,False,False,True
366,0.49397590361445787,0.4777777777777778,True,False,True,False,False,False,True,False,False,False,True,False
91,0.20481927710843376,0.2888888888888889,True,False,True,False,False,False,True,False,False,False,False,True
339,0.45783132530120485,0.5555555555555556,False,False,False,True,False,False,False,False,False,True,False,False
897,0.7349397590361446,0.7666666666666666,False,True,False,False,False,False,False,False,False,True,False,False
564,0.40963855421686746,0.4000000000000001,True,True,False,False,False,True,False,False,False,False,False,True
345,0.7590361445783133,0.7222222222222222,False,False,True,False,False,False,True,False,False,False,True,True
776,0.6626506024096386,0.6666666666666666,False,True,False,False,False,False,True,False,False,False,True,True
241,0.7951807228915663,0.8111111111111111,False,False,False,False,True,True,False,False,False,False,True,True
13,0.6626506024096386,0.6666666666666666,True,False,False,False,False,False,False,False,True,False,True,False
315,0.5903614457831325,0.611111111111111,True,False,True,False,False,False,True,False,False,False,True,True
600,0.5180722891566265,0.5888888888888889,False,False,False,True,False,False,False,True,False,False,True,True
387,0.7349397590361446,0.6333333333333333,False,False,True,False,False,False,False,False,False,False,False,True
273,0.6385542168674699,0.6777777777777778,False,False,False,True,False,False,False,False,True,False,True,True
166,0.40963855421686746,0.45555555555555555,True,False,True,False,False,False,True,False,False,False,False,False
840,0.42168674698795183,0.4000000000000001,False,False,False,True,False,False,True,False,False,False,False,True
992,0.710843373493976,0.7333333333333333,False,False,False,True,False,False,False,False,False,False,False,True
646,0.6385542168674699,0.611111111111111,False,False,False,True,False,False,False,False,False,False,True,True
818,0.6626506024096386,0.6444444444444444,False,True,False,False,False,False,True,False,False,False,False,True
484,0.42168674698795183,0.4888888888888889,False,True,False,False,False,False,False,False,False,False,True,True
980,0.08433734939759038,0.1444444444444445,False,True,False,False,False,False,True,False,False,False,False,True
504,0.5060240963855422,0.4888888888888889,False,False,False,True,False,False,False,True,False,False,False,True
831,0.8313253012048193,0.8777777777777778,False,False,True,False,False,True,False,False,False,False,False,False
243,0.40963855421686746,0.3666666666666667,True,False,False,False,True,False,False,False,True,False,True,True
566,1.0,1.0,False,False,False,False,True,True,False,False,False,False,False,False
875,0.5662650602409639,0.6222222222222222,True,False,True,False,False,False,False,False,True,False,False,True
562,0.8795180722891568,0.9111111111111112,True,False,True,False,False,True,False,False,False,False,True,False
686,0.6987951807228916,0.6444444444444444,True,False,False,False,True,False,False,False,True,False,True,False
189,0.855421686746988,0.8555555555555555,False,False,True,False,False,True,False,False,False,False,True,True
782,0.819277108433735,0.7999999999999999,False,True,False,False,False,False,True,False,False,False,False,False
699,0.5903614457831325,0.5444444444444444,True,False,True,False,False,False,True,False,False,False,False,True
475,0.710843373493976,0.8111111111111111,False,False,False,True,False,True,False,False,False,False,True,False
681,0.6144578313253013,0.5555555555555556,True,True,False,False,False,False,True,False,False,False,True,True
510,0.6506024096385543,0.7,True,False,False,True,False,False,False,False,True,False,True,True
58,0.5060240963855422,0.5333333333333333,True,False,False,True,False,False,False,False,True,False,True,False
474,0.8795180722891568,0.8999999999999999,False,True,False,False,False,False,False,False,False,False,True,False
560,0.6987951807228916,0.7666666666666666,False,False,False,True,False,False,False,False,True,False,True,False
856,0.6144578313253013,0.611111111111111,True,True,False,False,False,False,False,False,True,False,False,True
747,0.5662650602409639,0.6444444444444444,True,False,True,False,False,False,False,False,True,False,True,True
252,0.6385542168674699,0.6666666666666666,False,True,False,False,False,False,False,False,False,True,True,False
21,0.6987951807228916,0.6666666666666666,False,True,False,False,False,False,False,False,True,False,False,False
313,0.6024096385542169,0.6555555555555556,False,False,True,False,False,False,False,False,False,False,False,False
459,0.5783132530120483,0.6444444444444444,True,True,False,False,False,False,True,False,False,False,True,False
160,0.7349397590361446,0.7111111111111111,True,True,False,False,False,False,False,False,False,False,False,False
276,0.9036144578313253,0.9222222222222223,False,False,True,False,False,False,False,False,False,True,True,False
955,0.4819277108433735,0.5777777777777777,True,False,False,False,True,False,False,False,False,False,True,True
191,0.7951807228915663,0.7666666666666666,True,False,False,True,False,False,False,False,True,False,True,False
385,0.710843373493976,0.7222222222222222,False,False,False,False,True,False,False,False,True,False,True,True
805,0.7710843373493976,0.7111111111111111,True,False,False,False,False,False,False,False,True,False,False,True
413,0.6024096385542169,0.6333333333333333,True,True,False,False,False,False,False,False,False,True,True,False
491,0.5662650602409639,0.6666666666666666,False,False,True,False,False,False,False,False,False,False,True,True
343,0.6626506024096386,0.6333333333333333,True,False,False,True,False,False,False,False,False,False,True,False
769,0.5180722891566265,0.5222222222222221,True,False,False,False,False,False,False,False,True,False,False,True
308,0.6506024096385543,0.6333333333333333,False,True,False,False,False,False,False,False,False,False,False,True
661,0.5903614457831325,0.5888888888888889,True,False,True,False,False,False,False,False,False,True,True,True
130,0.8072289156626508,0.7999999999999999,True,False,False,True,False,False,False,True,False,False,True,True
663,0.6265060240963856,0.6333333333333333,False,False,True,False,False,False,True,False,False,False,True,True
871,0.6626506024096386,0.7333333333333333,False,False,True,False,False,False,False,False,True,False,True,False
99,0.6024096385542169,0.5777777777777777,False,False,False,True,False,True,False,False,False,False,True,True
372,0.6867469879518073,0.6888888888888889,True,False,False,True,False,False,False,False,False,True,True,True
87,0.6506024096385543,0.7111111111111111,False,False,False,True,False,False,False,False,False,False,True,True
458,1.0,1.0,False,False,False,False,True,True,False,False,False,False,True,True
330,0.5180722891566265,0.5666666666666667,True,False,True,False,False,False,True,False,False,False,True,True
214,0.8915662650602411,0.7888888888888889,True,False,False,False,True,False,True,False,False,False,True,False
466,0.16867469879518074,0.3111111111111111,False,False,False,True,False,False,False,False,False,False,False,True
121,0.8674698795180723,0.9111111111111112,True,True,False,False,False,False,False,False,False,False,True,False
614,0.9156626506024098,0.9222222222222223,False,False,False,False,False,False,False,False,False,False,True,True
20,0.6265060240963856,0.5888888888888889,True,False,False,True,False,False,True,False,False,False,True,True
700,0.7710843373493976,0.7999999999999999,False,False,False,False,True,True,False,False,False,False,True,False
71,0.45783132530120485,0.5888888888888889,True,False,False,True,False,False,False,False,True,False,True,False
106,1.0,1.0,False,False,False,True,False,False,False,True,False,False,True,True
270,0.5542168674698795,0.5666666666666667,True,False,True,False,False,True,False,False,False,False,True,True
860,0.5421686746987953,0.4777777777777778,False,False,True,False,False,False,False,False,False,False,True,True
435,0.37349397590361455,0.4777777777777778,True,False,True,False,False,False,False,False,True,False,False,False
102,0.8915662650602411,0.8777777777777778,False,False,False,True,False,False,False,False,False,False,True,True
